{
  "data": [
    [
      [
        1,
        null,
        0,
        0.0
      ],
      [
        2147483647.0,
        300.94881558418274,
        {
          "__enum__": "StatusType.CRASHED"
        },
        1675174468.3553464,
        1675174769.3042104,
        {}
      ]
    ]
  ],
  "config_origins": {
    "1": "Sobol"
  },
  "configs": {
    "1": {
      "adamw_decay": 3.478123542240705e-07,
      "canonical_lr": 0.0001391722772920588,
      "ckpt": "None",
      "context_contact": true,
      "epsilon": 1.8002151031841966e-07,
      "gamma": 0.6517497532469487,
      "max_flow": 2984,
      "num_steps": 890
    }
  }
}