{"cpu_time": 0.0, "wallclock_time": 0.013559579849243164, "evaluations": 0, "cost": 2147483648.0, "incumbent": ["adamw_decay='3.478123542240705e-07'", "canonical_lr='0.0001391722772920588'", "ckpt=''None''", "context_contact='False'", "epsilon='1.8002151031841966e-07'", "gamma='0.6517497532469487'", "max_flow='2984'", "num_steps='890'"], "origin": "Sobol"}
{"cpu_time": 596.2988524436951, "wallclock_time": 596.3146703243256, "evaluations": 1, "cost": 1.627, "incumbent": ["adamw_decay='3.478123542240705e-07'", "canonical_lr='0.0001391722772920588'", "ckpt=''None''", "context_contact='False'", "epsilon='1.8002151031841966e-07'", "gamma='0.6517497532469487'", "max_flow='2984'", "num_steps='890'"], "origin": "Sobol"}
{"cpu_time": 982.8723261356354, "wallclock_time": 982.890109539032, "evaluations": 2, "cost": 0.8811, "incumbent": ["adamw_decay='0.00013209045150789034'", "canonical_lr='7.283971522643289e-05'", "ckpt=''checkpoints/kitti.pth''", "context_contact='False'", "epsilon='2.0490969568624883e-14'", "gamma='0.006665976618100723'", "max_flow='5'", "num_steps='416'"], "origin": "Sobol"}
{"cpu_time": 1406.5911519527435, "wallclock_time": 1406.611081123352, "evaluations": 3, "cost": 0.756, "incumbent": ["adamw_decay='1e-05'", "canonical_lr='0.000125'", "ckpt=''checkpoints/sintel.pth''", "context_contact='False'", "epsilon='1e-08'", "gamma='0.85'", "max_flow='400'", "num_steps='500'"], "origin": null}
{"cpu_time": 1753.818513393402, "wallclock_time": 1753.840803861618, "evaluations": 4, "cost": 0.7344, "incumbent": ["adamw_decay='0.09354379318588184'", "canonical_lr='0.008319963949874786'", "ckpt=''None''", "context_contact='False'", "epsilon='1.0345375264249074e-11'", "gamma='0.00017794193293111196'", "max_flow='1107'", "num_steps='324'"], "origin": "Sobol"}
{"cpu_time": 4471.0344223976135, "wallclock_time": 4471.070189476013, "evaluations": 10, "cost": 0.7344, "incumbent": ["adamw_decay='1.1203394680196045e-06'", "canonical_lr='0.007011849717628015'", "ckpt=''checkpoints/kitti.pth''", "context_contact='False'", "epsilon='3.090668542482689e-13'", "gamma='0.2045877332837093'", "max_flow='300'", "num_steps='359'"], "origin": "Sobol"}
